epoch,time,train/box_loss,train/seg_loss,train/cls_loss,train/dfl_loss,metrics/precision(B),metrics/recall(B),metrics/mAP50(B),metrics/mAP50-95(B),metrics/precision(M),metrics/recall(M),metrics/mAP50(M),metrics/mAP50-95(M),val/box_loss,val/seg_loss,val/cls_loss,val/dfl_loss,lr/pg0,lr/pg1,lr/pg2
1,387.126,1.2796,2.02608,1.57176,1.3031,0.40846,0.3113,0.25039,0.10646,0.4019,0.29743,0.23496,0.08602,1.34848,2.21395,1.73156,1.4196,0.0802448,0.000199548,0.000199548
2,789.788,1.26311,2.00371,1.5507,1.29219,0.43019,0.29728,0.26382,0.11423,0.40861,0.27095,0.23546,0.08712,1.34749,2.20538,1.77155,1.4325,0.0604268,0.000381568,0.000381568
